x,y,z,type
-6,17,-46,minecraft:mob_spawner
-77,58,-18,minecraft:furnace
-77,58,-19,minecraft:furnace
-77,59,-18,minecraft:smoker
-77,58,-20,minecraft:blast_furnace
27,-41,-94,minecraft:mob_spawner
-98,-45,20,minecraft:mob_spawner
38,16,-54,minecraft:mob_spawner
-26,16,47,minecraft:mob_spawner
-140,81,-142,minecraft:beehive
-71,17,50,minecraft:mob_spawner
-58,15,69,minecraft:mob_spawner
58,68,-173,minecraft:furnace
58,67,-173,minecraft:furnace
-186,-42,-90,minecraft:mob_spawner
101,34,65,minecraft:mob_spawner
-124,-3,127,minecraft:mob_spawner
28,67,-210,minecraft:bell
-45,37,-217,minecraft:mob_spawner
17,5,142,minecraft:mob_spawner
-108,-32,-221,minecraft:mob_spawner
