x,y,z,uuid,type,alive,display_name,custom_name
-78.18932831191812,73.0,-72.48050032887744,ab049810-377f-4d95-a4a5-812b0deb53f2,minecraft:cow,true,Cow,[null]
-97.61364852803484,66.0,45.587553608528516,f8ab0742-2926-4169-b2cf-219530c6e47a,minecraft:horse,true,Horse,[null]
-53.5,16.0625,59.5,0b054f3f-5cd6-47b5-9910-62fb874d4db2,minecraft:chest_minecart,true,Minecart with Chest,[null]
-131.872663306728,63.0,-64.9779712074729,768173ce-4b48-4f64-89ba-5f679712afb6,minecraft:horse,true,Horse,[null]
-130.87139051417873,63.0,57.138322831004665,f4919189-c071-42f6-b328-d8d0eb7baf38,minecraft:chicken,true,Chicken,[null]
-131.55220668016906,82.0,-149.02358002755273,4755f8ce-2c5b-4e40-92e4-0c321fe7cc46,minecraft:sheep,true,Sheep,[null]
3.744942766806617,63.0,-166.19454262420916,c93c39ed-742e-4743-ba39-843d08c58aaf,minecraft:sheep,true,Sheep,[null]
83.08670424073959,64.0,-98.08680123340436,289ea01a-3e61-4b82-93b8-0df46984b290,minecraft:chicken,true,Chicken,[null]
77.07079488687576,68.0,-82.43829202062311,d351a327-3a1f-40a1-a07e-30787a3b07f7,minecraft:chicken,true,Chicken,[null]
76.86699411288589,67.0,-83.74836699746784,6523dfd3-f0b4-44d7-9515-4eb806338302,minecraft:chicken,true,Chicken,[null]
78.0,67.0,-85.0,accb2aba-d14c-4520-92cc-a304839ba3b9,minecraft:chicken,true,Chicken,[null]
-130.3746054874081,71.0,89.5891272426147,16270a5f-4ebb-40ae-bfc6-c0fa96d6003e,minecraft:chicken,true,Chicken,[null]
-123.58846360071173,74.0,85.15810104508432,842b2f3e-8497-4224-a751-5d795595e052,minecraft:chicken,true,Chicken,[null]
22.0,63.0,-162.0,05792a6d-2d8b-4473-8ad3-5302cdce411a,minecraft:sheep,true,Sheep,[null]
34.206434137416736,63.0,-156.75394046353662,74fbc42e-0a51-46c0-8f89-ace0c0a0ca17,minecraft:sheep,true,Sheep,[null]
28.0,63.0,-164.0,83bf519a-7758-4929-8ea0-beeb0edc7bf9,minecraft:sheep,true,Sheep,[null]
94.3578694812859,66.0,18.733712595563173,27fddce2-1788-4273-8de7-e15b1e586439,minecraft:pig,true,Pig,[null]
91.2011550105657,66.0,39.753690749364225,5369825c-8835-4b05-8fd7-1d57c84ea6ca,minecraft:pig,true,Pig,[null]
88.0016017706127,66.0,74.00296451502548,5dddaa20-3bec-4df1-8dd5-331097fd8b6e,minecraft:horse,true,Horse,[null]
-194.23676862307303,63.0,-186.16395689831873,0a9e9bb4-bcad-45a7-bcb0-2ce30a39a94b,minecraft:chicken,true,Chicken,[null]
20.575290678707383,67.0,-198.79823956592637,b7f55061-4a6e-452f-a780-cb2ca2d87b02,minecraft:villager,true,Fletcher,[null]
2.88018548401892,53.07058701374647,-192.03762022906446,26dfc770-d672-4e0b-8d2a-377a57dd982a,minecraft:bat,true,Bat,[null]
-28.43846001148171,-10.431406741410981,-192.04797385628817,4c6fd3f4-449a-4a91-9b22-9917042a03ab,minecraft:bat,true,Bat,[null]
-25.764437100886152,-10.13671580473462,-192.01180964161995,3a03f906-245d-44e3-b768-a350676e3027,minecraft:bat,true,Bat,[null]
112.06241772478212,66.0,31.268551452947804,be903cf1-9282-4591-8e1f-cce695185300,minecraft:chicken,true,Chicken,[null]
112.0882317376827,11.036069811312736,14.058491353787304,26362db9-9ea0-4cff-bdcc-e5e7e8ef6081,minecraft:axolotl,true,Axolotl,[null]
112.00574092207698,15.0,-132.95223801087886,fc4837cc-4efc-460d-aa22-005973255820,minecraft:skeleton,true,Skeleton,[null]
-127.53797331041146,34.0,112.11124550994178,fec49702-14c2-48d0-8aad-b40f878bd237,minecraft:creeper,true,Creeper,[null]
-124.47531956291101,75.0,117.89682443163187,fa9d37e6-5123-4153-a814-dec4b8d7ac29,minecraft:chicken,true,Chicken,[null]
-93.49446611679095,18.0,122.62130095388619,84674343-5084-4d1a-9887-8b4e6cbcfc21,minecraft:enderman,true,Enderman,[null]
-85.27996928356633,73.0,118.7136264623698,92ee9d5c-5031-4296-b405-0934dd7864b1,minecraft:chicken,true,Chicken,[null]
-64.1432182629946,66.0,114.16507041574357,a96c4edf-2fcb-453f-ac8e-8f10d1911674,minecraft:donkey,true,Donkey,[null]
-75.09733658476087,71.0,123.00654054867186,431958d9-647c-48cc-b1ca-08b5e359fb26,minecraft:cow,true,Cow,[null]
-56.750584204894544,66.0,126.17901567529283,f51dd7cf-5841-4943-bcfd-983502f1defd,minecraft:cow,true,Cow,[null]
-55.91886436183221,65.0,124.20193449369475,54b4a9a9-60e3-4ef2-a124-ef6d789dda79,minecraft:cow,true,Cow,[null]
-19.5,21.0,120.5,5bda47bc-59c3-4f24-b614-3e471e4804cb,minecraft:enderman,true,Enderman,[null]
-24.72914957369418,18.0,123.50185552488884,3db7fbd5-41be-42cc-8c16-d3c0c434c89b,minecraft:zombie,true,Zombie,[null]
-18.5,41.0,119.5,5c564ff1-28b5-4756-8818-0b60c33ecd56,minecraft:skeleton,true,Skeleton,[null]
19.40201259070737,22.82628482439631,123.67958999021123,3b69641d-7e93-49fc-8be0-44bd8c5f44fe,minecraft:bat,true,Bat,[null]
19.91341238744759,26.266389304708277,115.21011963034864,464c0736-e9e0-41c7-aa95-2eb04e1124aa,minecraft:bat,true,Bat,[null]
30.52616948033071,40.0,115.26404749101349,ebe32e0b-a316-4092-baa9-bf62d06b765b,minecraft:skeleton,true,Skeleton,[null]
17.75,42.63564272729321,127.56013732121318,36c1bb91-28dd-4cea-9230-bfb4cc2dc939,minecraft:bat,true,Bat,[null]
16.18889975229544,-3.302157231722203,116.59220866887023,2eadeb04-21b1-4ebb-b0eb-42326b37572b,minecraft:bat,true,Bat,[null]
-204.5580199493561,57.71468730689958,-171.71894191298634,71edf812-8f71-4733-a18e-64b4bddde601,minecraft:squid,true,Squid,[null]
-203.25363694131374,60.57521298644133,-169.05083120358177,8818425a-441e-44e6-87ff-a6b0055d4659,minecraft:squid,true,Squid,[null]
-203.46541722677648,60.00815763603896,-173.19356181309558,05fe1dab-c091-4377-aa50-7cfed5489d31,minecraft:squid,true,Squid,[null]
-202.40000000596046,57.083652034401894,-171.40000000596046,da593956-8bbb-4b26-8c06-3119c5976557,minecraft:squid,true,Squid,[null]
-197.125,72.0,-146.88830506997982,c14c9b23-5ba5-4130-bfc1-609ab115cf68,minecraft:item,true,Birch Sapling,[null]
-188.79874576236674,74.0,-147.36742711987475,6dfc0f8b-d26b-475d-9349-9a5291233f72,minecraft:wolf,true,Wolf,[null]
-190.30000001192093,73.0,-138.69999998807907,bf111ddb-40ce-46b6-bf5a-7978fa442cd4,minecraft:wolf,true,Wolf,[null]
-205.30532279155747,60.35801573970519,-117.68568479008631,77ecea95-656d-4687-a8d2-fd5bb58b9115,minecraft:salmon,true,Salmon,[null]
-207.60305944548378,57.01127038633403,-121.88739707151859,85c24a8b-06ac-4e66-a10d-7df744295607,minecraft:salmon,true,Salmon,[null]
-205.8251572230996,55.64655796274421,-119.78526150483167,79b2e1c2-5e5f-4b1a-92b0-696be15249c0,minecraft:salmon,true,Salmon,[null]
-203.41116877576715,62.45162422628899,-117.69993683009142,667e3206-d0cb-4918-a22b-8137e256b307,minecraft:salmon,true,Salmon,[null]
-195.25895556393186,69.0,-95.52432977449511,4667fa0a-6a57-4f67-b942-c6de9dfee832,minecraft:sheep,true,Sheep,[null]
-185.82648597649478,64.0,42.84529952546173,1341ccc9-7be7-4d36-b323-e11298a32f10,minecraft:donkey,true,Donkey,[null]
-185.27098188087237,3.0,74.48909318260365,3e304122-da65-406a-abcd-b3a2614509ce,minecraft:enderman,true,Enderman,[null]
-209.33610970058405,50.785819766288256,99.19727059781816,5ed74339-c992-4fe6-bc7d-0f4516fe853d,minecraft:bat,true,Bat,[null]
-208.75,52.02346269995835,103.75,2e895ae6-1e88-4cfe-894d-a1b656cce92d,minecraft:bat,true,Bat,[null]
-65.0,75.0,-202.0,36c1b8d0-4353-46ec-8cc9-741440029faf,minecraft:chicken,true,Chicken,[null]
-65.0,75.0,-204.0,c60a0b5f-ecb9-4772-bae1-1b5e4b743b8f,minecraft:chicken,true,Chicken,[null]
-67.0,76.0,-200.0,f2fe0564-2813-4e90-9fa8-482ca9bc8ebb,minecraft:chicken,true,Chicken,[null]
-69.0,76.0,-202.0,fa5173eb-411f-43fe-8017-a52684da9f45,minecraft:chicken,true,Chicken,[null]
-105.57307177172879,-4.211081966993002,-192.03744010889213,adacd666-e69c-4e76-8348-4d6ebbade3fd,minecraft:bat,true,Bat,[null]
-169.15008626997232,81.44859423741599,-192.00025027266898,7e353241-0c14-4efc-86c6-a7a89a5eb9eb,minecraft:bee,true,Bee,[null]
-178.37889910217945,71.0,-182.4898909914724,42ffe000-c32e-40e3-a756-595217d07bad,minecraft:chicken,true,Chicken,[null]
-175.3845341040685,71.0,-179.35123152111217,8502b656-af87-42a1-9254-d015ec102d8f,minecraft:chicken,true,Chicken,[null]
32.2550210786945,65.0,-198.20727726812427,aae636bc-873d-4463-9622-e2c097954e7f,minecraft:cat,true,Cat,[null]
115.5,-15.0,32.5,c57fe7e7-d767-4aa6-b643-28396c384e27,minecraft:spider,true,Spider,[null]
96.44897425337483,66.0,38.60554292972925,c087860a-2691-47b0-b325-c5aeb4fb0a91,minecraft:pig,true,Pig,[null]
106.19496600596555,66.0,25.896869360661263,462c63a5-4aac-4c35-acea-e0b678a3840a,minecraft:chicken,true,Chicken,[null]
107.40785582210383,65.0,44.1473727141318,05ac4c7f-29d8-41dd-bc1e-104b38e684e9,minecraft:chicken,true,Chicken,[null]
103.13619305281297,65.0,39.1507959194639,daad7514-d3a0-4364-af36-122de09bedce,minecraft:chicken,true,Chicken,[null]
112.10890813547337,66.0,30.44421158334311,33bee551-8c77-4191-ac9e-8101b0ec881d,minecraft:pig,true,Pig,[null]
102.73425514209563,65.0,57.49696775449334,77ff033a-7d3f-40f3-ae1e-a0fca89c5a5e,minecraft:sheep,true,Sheep,[null]
120.69660919672502,64.0,67.16447142050636,c530eba9-3624-4c24-babc-3c3d5c398b2b,minecraft:horse,true,Horse,[null]
-122.4715606509696,72.0,109.59558773112312,7e4ee80c-b7db-421d-97eb-1a4aa216a28a,minecraft:chicken,true,Chicken,[null]
-158.50162902742125,66.0,126.73110889607399,922fe715-2990-444d-a7e7-6b852c192193,minecraft:sheep,true,Sheep,[null]
-150.7788028422279,-43.53829984289311,127.57264751205037,3a422965-9510-4a06-9685-f38f4dcb2bdf,minecraft:bat,true,Bat,[null]
-160.14488509997497,-9.967832047521837,117.00375859994038,8c3cbd42-803a-48b1-92d4-5664687f98c5,minecraft:bat,true,Bat,[null]
-179.1411935084757,0.0,112.14506470408924,29c4e3e9-7295-4577-9eb4-27a499d53739,minecraft:skeleton,true,Skeleton,[null]
61.45845836204699,31.873017055051974,112.09702804395506,40d844d1-a1dc-4507-bca6-6aec2d237b28,minecraft:bat,true,Bat,[null]
53.355103054083884,62.05859294813126,116.59999999403954,39b44e94-cb70-4e06-a71a-3d964d479026,minecraft:squid,true,Squid,[null]
64.00095310579651,29.592061498596003,116.21396123449061,0d115ca2-72e3-4768-9a1c-7a6eec0e8fb8,minecraft:bat,true,Bat,[null]
112.04534667990012,65.0,74.16647877018589,1c620a3e-6589-45db-b07d-886a89df51ab,minecraft:horse,true,Horse,[null]
100.80488118626141,65.0,86.84647474544278,f112a4c2-0a47-45a7-9d9e-d345b826aa60,minecraft:sheep,true,Sheep,[null]
102.15834378661445,65.0,80.78487045805596,6555d8a5-8549-4aa2-b4ed-cd8bfae80723,minecraft:sheep,true,Sheep,[null]
105.0,63.0,-177.0,3ffb97a8-1670-480b-a498-a367cca04ce5,minecraft:sheep,true,Sheep,[null]
106.43943495340686,63.0,-178.56056504659318,9a352ff5-5737-4186-b75a-2bee5c0cde09,minecraft:sheep,true,Sheep,[null]
101.13923083966156,63.0,-176.21610630131994,d3bdef04-64dd-4e73-9782-cdc15fba5d25,minecraft:sheep,true,Sheep,[null]
100.90063063331225,63.0,-178.99116451409998,46cb66fa-1a2e-4acb-b206-567229bfdb66,minecraft:sheep,true,Sheep,[null]
101.89405897537443,63.0,-179.2284257001315,88ea84d8-2021-405c-a74e-0d7b9ff673fd,minecraft:pig,true,Pig,[null]
122.0,63.0,-203.0,511de0da-19dd-4236-be70-f7c6e34c4052,minecraft:sheep,true,Sheep,[null]
121.0,60.0,-201.0,52f0ae45-41a5-48bf-bc33-0be7e323b314,minecraft:sheep,true,Sheep,[null]
117.0,63.0,-198.0,c21d451e-1870-402f-9df4-c338370da55b,minecraft:sheep,true,Sheep,[null]
116.09299557720873,63.0,-197.94862970849894,3b8b1db2-dd56-447e-8812-b77ff76ec936,minecraft:sheep,true,Sheep,[null]
-219.8350842503601,50.0,-177.3982505343032,2c8258e8-b195-41a6-8dd9-d46c8d375803,minecraft:salmon,true,Salmon,[null]
-219.5855777394756,50.47583723178325,-178.64637547942672,6d2bd5b6-8673-49e7-9327-6a01096ca4f6,minecraft:salmon,true,Salmon,[null]
-214.4802189218122,58.98252964764381,-176.56053240696082,8a4f900a-2659-491e-804f-131e07339b10,minecraft:salmon,true,Salmon,[null]
-208.50000018863852,57.821775678740025,-176.0618933441117,25e31e80-9dc7-40dd-a79f-e5e034f05a26,minecraft:salmon,true,Salmon,[null]
-218.37372318387892,59.995277072739015,-169.2576683844691,ba8237da-79b4-4727-a5b8-c75c27f9b19f,minecraft:salmon,true,Salmon,[null]
-217.15439012367278,57.720637522637844,-174.8130994529929,ee7f06d6-08b3-40e0-bf8d-2ce5e41c01d2,minecraft:squid,true,Squid,[null]
-217.02712764263512,61.33092271792445,-168.42651151147012,ad645104-48db-49ec-9451-e137c9f03c51,minecraft:salmon,true,Salmon,[null]
-217.433195460827,61.22034686237388,-169.57102600478916,d7e5f45a-f729-499d-87b5-38832cf02257,minecraft:salmon,true,Salmon,[null]
-214.6121855123704,61.37620434332112,-175.5236643015952,3c5c1a32-f7ee-4fc1-be23-2c366ae0c480,minecraft:salmon,true,Salmon,[null]
-213.512256875092,61.44737947383191,-166.10236780955958,06d1c6b2-31b9-4bfa-801c-163dce7cf2a4,minecraft:salmon,true,Salmon,[null]
14.148268353732108,66.0,-220.8642364158051,28c42f7e-ebc6-480c-a131-44449eee9272,minecraft:iron_golem,true,Iron Golem,[null]
-13.655686759430548,68.0,-216.49436933244917,fd42e0ae-ce1d-4edc-ac6a-088adb688544,minecraft:villager,true,Villager,[null]
-13.032385628585288,68.0,-214.61790339944753,b28bb748-4ab3-4a7c-956b-6eae8bcbb3c0,minecraft:item,true,Azure Bluet,[null]
139.5,-14.0,33.5,220fd389-bc9b-4639-b487-af3ad15703da,minecraft:zombie,true,Zombie,[null]
140.5,-14.0,33.5,6fad3459-954c-4121-81a2-7fa7e5aef41c,minecraft:zombie_villager,true,Zombie Villager,[null]
-140.73808604313086,0.0,140.16929682722565,25af0edb-4710-4448-a9cd-9628fbdd0e36,minecraft:item,true,Gravel,[null]
-140.17434450421675,1.0,142.54934109776414,0b78ba28-85d7-4b54-87af-db449e852991,minecraft:item,true,Gravel,[null]
137.0,76.0,-126.0,a89af9cc-0fce-4fee-bee1-c020dffca5bd,minecraft:sheep,true,Sheep,[null]
129.0,74.0,-123.0,3e285ebc-1870-498d-b8fd-8fa4ebcdece2,minecraft:pig,true,Pig,[null]
131.0,75.0,-120.0,30b03f9f-9011-4d6e-bcdd-f988f6f8a006,minecraft:pig,true,Pig,[null]
129.0,74.0,-123.0,89694e12-6aa6-4432-8402-14a85a779d5c,minecraft:pig,true,Pig,[null]
129.0,74.0,-124.0,477212b0-c3dc-475f-b2e2-a5e15edada39,minecraft:pig,true,Pig,[null]
-97.76393005557983,73.0,141.25368227986507,c654323d-84bb-4d9a-adcd-7889a491bd51,minecraft:chicken,true,Chicken,[null]
-65.0,64.0,134.0,146d43b7-d6ff-489b-90ae-a129e1982133,minecraft:cow,true,Cow,[null]
-79.89337784523157,72.0,128.14860264430578,856e14e9-863a-4d26-bb92-1153844bd1dc,minecraft:chicken,true,Chicken,[null]
0.5,28.0,133.5,36c7e632-d8ab-4c9e-a9e1-48c5e6c4d9fb,minecraft:creeper,true,Creeper,[null]
40.0,98.0,132.0,3edd3af0-02a8-46f5-a044-d2ee72af9d09,minecraft:chicken,true,Chicken,[null]
40.0,98.0,134.0,d16f59d3-7954-464f-abd5-f462036f1e67,minecraft:chicken,true,Chicken,[null]
-218.72637198677674,58.94696906298195,-150.4465837412955,1670e72c-1b85-4088-9e54-520c3c9d157c,minecraft:salmon,true,Salmon,[null]
-213.32289962098002,58.7456149593927,-158.4572933852981,131b4582-146a-404c-b5f5-a0702606ae28,minecraft:squid,true,Squid,[null]
-223.02288776496425,59.0,-147.59999999403954,0d3a1b94-ee61-496d-9f05-0818ad953656,minecraft:squid,true,Squid,[null]
-217.65000000596046,56.0,-134.34999999403954,a853d024-4ec2-4ea9-87bd-12aeeb706e1e,minecraft:salmon,true,Salmon,[null]
-216.91268364428902,56.0,-135.08903522282372,9773bae4-3260-4b58-8c04-1a4d4f795d5f,minecraft:salmon,true,Salmon,[null]
-217.65000000596046,56.0,-135.08187969080217,84ef982b-ff46-42d5-b88d-61bb70fef36f,minecraft:salmon,true,Salmon,[null]
-217.64976117533524,56.0,-136.0682046423198,0882d276-37f9-4515-b2b8-8262c0fd9b6f,minecraft:salmon,true,Salmon,[null]
-216.902826835854,56.0,-135.96587057640406,484cbaec-69bf-4861-a048-0e049d87b372,minecraft:salmon,true,Salmon,[null]
-214.7654040462803,59.585638667223975,-134.93139946880936,94f9d6ff-8dd4-4e13-9b40-c54d6c23cd4b,minecraft:squid,true,Squid,[null]
-209.44174108787377,61.31074619697212,-132.23623448926142,2f4ce528-9ed3-4bcc-8db8-9bd91fd88505,minecraft:salmon,true,Salmon,[null]
-208.93071023214011,50.39274276490372,102.99551782096424,0f81c4dd-c6a2-43a8-b0f4-861490418afc,minecraft:bat,true,Bat,[null]
-218.64296439473864,34.0,-223.31743270608035,ca4827f3-26b0-44fd-8eab-c8871989ff29,minecraft:zombie,true,Zombie,[null]
131.17672907723352,65.0,55.756842557857134,b9e050be-6321-4218-8318-f7c913e9f058,minecraft:sheep,true,Sheep,[null]
129.02352037343235,65.0,60.272615682614855,26ba22f8-671a-4086-83ed-07d8a999aa9d,minecraft:horse,true,Horse,[null]
133.51686507958058,65.0,60.012924558016636,fdd8af7f-8137-42c3-a9cc-dbdec99455df,minecraft:sheep,true,Sheep,[null]
-171.82851436775402,-37.0,131.83206696521478,fdc6f7ca-ac8d-411f-8c8d-f91fec71088c,minecraft:creeper,true,Creeper,[null]
95.40000000596046,61.01767119090073,137.41892246622592,7b90f836-6fa3-4ccf-afa2-5590eaae4185,minecraft:squid,true,Squid,[null]
102.29105040338811,3.4243994903276134,132.90285854191478,c4842018-fc86-4d03-909c-f1594ed7b11e,minecraft:salmon,true,Salmon,[null]
102.25303343962878,62.53694738866761,139.80002969596535,5da8ed1f-6817-476b-9a03-5e62c459aa76,minecraft:squid,true,Squid,[null]
114.71954128128908,11.402331979344853,130.7547873609147,78be6f72-8ae5-4c9b-a5b7-b6f206deda0c,minecraft:item,true,Glow Ink Sac,[null]
132.89430536753042,39.34918951721379,137.75521092173952,b5de61c1-af4e-4afc-906c-3882f9607a7a,minecraft:axolotl,true,Axolotl,[null]
131.20549433253112,43.75,132.89259917594777,6604fccd-1c29-403f-b2b7-a681437bc3c8,minecraft:item,true,Glow Ink Sac,[null]
135.70286078751087,34.37477086856961,129.43201110046357,d2457fc5-f8ab-4372-bf04-fad48f93ec6a,minecraft:glow_squid,true,Glow Squid,[null]
-143.37885670722773,65.0,-2.4957005791425453,292134c6-148e-4213-b89f-d29fdc2e03c4,minecraft:player,true,Lesa1809_tw,[null]
-224.1800487398776,65.0,52.82712776155784,6a005ebf-c276-4db1-a47b-2089b04cd82c,minecraft:pig,true,Pig,[null]
77.54845928021862,67.0,-83.125,2ca1fcf3-96c6-4c80-9f15-5dd15430ff11,minecraft:item,true,Egg,[null]
77.1798342411309,68.0,-81.8976223747996,96672a1e-b8ed-4433-9e45-702aaaa34aea,minecraft:item,true,Egg,[null]
-201.7858833439043,65.0,-89.125,0217cdee-adb5-44c2-8c55-703bacb4821b,minecraft:item,true,Birch Sapling,[null]
-163.125,47.75,88.28583626186919,2f7cc896-19e3-46ba-b6a8-3d5aefb49d6a,minecraft:item,true,Glow Ink Sac,[null]
107.86013254438522,65.0,44.69241022612272,1b7c45d0-ac0f-4091-a37b-9a6fecf3a5d8,minecraft:item,true,Egg,[null]
106.65426445035105,66.0,26.300243092166596,95b2282a-bbb7-49a5-abc5-f5ff621e8d2c,minecraft:item,true,Egg,[null]
-130.125,71.0,90.27730614071952,7bf9b1dc-7269-40ff-a29b-604290dec1e6,minecraft:item,true,Egg,[null]
-225.5,-17.0,34.5,83380cb0-98dd-4143-bcaf-3574ea020495,minecraft:creeper,true,Creeper,[null]
-122.65448467701378,72.0,109.62177321398804,8ff50889-623a-4256-85af-1de501bc8ebc,minecraft:item,true,Egg,[null]
-66.33239428434999,52.50121499938111,-50.4326686219855,53f3f831-0b54-4e9c-800f-1d8a37036db3,minecraft:axolotl,true,Axolotl,[null]
83.21930094397231,64.0,-97.95395388943835,ddf3799a-50f5-4d5c-9c30-8bda98d64825,minecraft:item,true,Egg,[null]
-49.911058489542526,40.75,-79.85118508468967,3279127d-6c71-43f9-ad6c-c5c2e118e98f,minecraft:item,true,Glow Ink Sac,[null]
-225.64725980147387,67.0,54.02133706671455,3f88a13a-c5eb-4649-b48e-568aadfaaa9e,minecraft:spider,true,Spider,[null]
-203.5,-18.0,10.5,3aa8c4af-e930-46f8-ac23-9718ed9dac6b,minecraft:skeleton,true,Skeleton,[null]
-186.54259567460232,-14.0,52.19197494148931,4cbf7e1c-aaa3-4e1c-9aaa-7de2c3faba07,minecraft:zombie,true,Zombie,[null]
-73.75163150173591,12.0,-25.453676203546397,396f0d31-023c-4d48-a38a-119966e1a698,minecraft:skeleton,true,Skeleton,[null]
-123.28234248578076,74.0,84.31540960607204,6a790bd8-b62e-40be-8c09-c561bbf65ffc,minecraft:item,true,Egg,[null]
-166.73137893779793,-49.0,-19.48992602672442,dfd50bf9-94fc-48ad-99fd-991711563382,minecraft:skeleton,true,Skeleton,[null]
-169.5,65.0,51.5,a4557d0f-d239-4a23-8657-cf9e2497d57c,minecraft:zombie,true,Zombie,[null]
-154.42444849721997,65.0,59.76731435251857,309a402a-6b9d-48d3-a924-a68140d89344,minecraft:spider,true,Spider,[null]
-236.5,63.0,-78.5,9deb8dfa-1fd0-4ed7-ab3e-803b1bf84ec4,minecraft:creeper,true,Creeper,[null]
-85.497877649094,66.0,55.70837313963178,08a1268c-b752-4246-a098-441ec5921bf2,minecraft:skeleton,true,Skeleton,[null]
-198.2896754703941,70.0,92.32920906859556,d516eb67-2134-407e-aa82-f2dc04233a27,minecraft:skeleton,true,Skeleton,[null]
-137.69999998807907,-13.0,-62.794245410001,f5c5087e-48f2-4a3b-b9ef-641b7661345b,minecraft:creeper,true,Creeper,[null]
-141.73156541806387,11.0,-98.21433047418552,0bca908e-79ce-4d21-b520-2c874d954da4,minecraft:zombie,true,Zombie,[null]
-59.18634159842585,22.0,-16.760611967890696,271e3f8f-6c3d-42cd-a9da-b16868651df1,minecraft:skeleton,true,Skeleton,[null]
-48.520562712373454,23.0,-20.251023948694275,82792382-77a1-4e60-ab3b-152c4a28482b,minecraft:skeleton,true,Skeleton,[null]
103.06924968822868,65.0,39.31884511735894,e4060e2c-fed6-4341-af96-5964202e7c87,minecraft:item,true,Egg,[null]
-58.5,64.0,-16.5,867f32e2-9b9f-4940-bbe3-2821cbe39fc4,minecraft:creeper,true,Creeper,[null]
-59.235348718508,65.0,-22.18142277232923,f744b77b-ddef-47c0-a627-ad609c309c15,minecraft:creeper,true,Creeper,[null]
-125.7779113909325,-18.0,-57.50294417051191,742a7a63-9ffe-4483-9d3e-d495f30a2b97,minecraft:zombie,true,Zombie,[null]
-131.5,-19.0,-54.5,79839dcb-9405-441f-89a3-86989f8f6281,minecraft:creeper,true,Creeper,[null]
-121.18574999774079,43.0,-96.49999624174673,03938a94-3be5-43c6-b2ff-3a7c4fa1feb5,minecraft:creeper,true,Creeper,[null]
-66.01312240902553,48.41009254234778,-64.36996089156978,ad87b817-7e72-4301-b176-6a033978a1aa,minecraft:axolotl,true,Axolotl,[null]
-112.80158890716224,-34.0,34.5445848497534,13d0c607-f754-4194-8a31-89de8bfc02eb,minecraft:zombie,true,Zombie,[null]
-201.7297725124458,12.0,-55.80771662244198,bee941e1-672b-43a8-9162-77b42319dd29,minecraft:zombie,true,Zombie,[null]
-198.80323096193968,12.0,-59.79739741424834,a74f97ce-570a-43ce-8186-4df4eec375ec,minecraft:zombie,true,Zombie,[null]
-200.80546116119342,12.0,-58.50380310753328,047812e3-71f5-4d21-a720-3789abafd21e,minecraft:zombie,true,Zombie,[null]
-206.33638338277527,9.0,-63.605026824785355,665852b0-7d56-4e97-9b2d-ae64ff8744a6,minecraft:creeper,true,Creeper,[null]
-73.72655802339227,65.0,-17.245178581474594,54bde400-c24f-418d-9c15-eae310cf7558,minecraft:skeleton,true,Skeleton,[null]
-70.85466056234948,64.0,-11.141458942515161,02abb2fa-de72-40a0-b446-136d1272c389,minecraft:creeper,true,Creeper,[null]
-253.32961535831274,67.0,7.673649662655577,a06c6354-4953-4e63-b894-d6c8e3327c57,minecraft:cow,true,Cow,[null]
-240.77359513226622,65.0,0.16175096443308967,581f4043-572c-4208-8963-37f5e7df8db1,minecraft:cow,true,Cow,[null]
-255.5,-49.0,-65.5,535f31a8-c312-4e94-9236-6f7a83e1e384,minecraft:skeleton,true,Skeleton,[null]
-240.30000001192093,-35.0,33.69999998807907,330e73d2-4457-4887-9b6c-0a5a34d4aa90,minecraft:zombie,true,Zombie,[null]
-253.5,53.910000000000466,29.5,66b59184-5ece-4312-881f-eaad9b9ce05f,minecraft:salmon,true,Salmon,[null]
-242.37854859148885,-36.0,31.329090769337167,c6ec9f59-bd53-4722-bd50-94d8c8624657,minecraft:skeleton,true,Skeleton,[null]
-242.69999998807907,-36.0,31.69999998807907,fa025110-8633-4be5-ba57-fce44571d96e,minecraft:skeleton,true,Skeleton,[null]
-241.77431568407883,-36.0,31.383095568811523,fb40d7df-c34e-4c56-a678-bb85931e12dd,minecraft:skeleton,true,Skeleton,[null]
-247.5217384010702,-12.0,-96.01329275887187,79131db0-007b-4a9a-85e4-69e9b5699db3,minecraft:creeper,true,Creeper,[null]
-251.9226283024376,-13.0,-89.12600708309917,49236d4b-83ad-4a88-a20b-5e7510594b7b,minecraft:spider,true,Spider,[null]
-251.9226283024376,-13.150000011920929,-89.12600708309917,85f081ad-8955-4f10-9dcd-a79232afc5fb,minecraft:skeleton,true,Skeleton,[null]
-175.125,71.0,-179.58739195180954,a3a02460-61f0-4144-aa61-bd3cc49dc753,minecraft:item,true,Egg,[null]
-164.5,-18.0,-33.5,b0c8f8f2-4116-45eb-96d7-395f7ba33ad6,minecraft:zombie,true,Zombie,[null]
-50.6873672590347,48.0,1.081129872605928,06345d6c-a5ec-4dfd-9db5-7f7ac9b4f6c8,minecraft:creeper,true,Creeper,[null]
-50.5,48.0,2.5,27a51392-0bad-46fa-95dc-60c9d6c0ba1d,minecraft:creeper,true,Creeper,[null]
-51.23001388443569,49.0,0.30878888356234524,e9cf0689-7b5d-4a22-9151-66242816c932,minecraft:creeper,true,Creeper,[null]
-52.5,48.0,1.5,8de05c33-dbd3-4651-99d6-bd7d20cf5f1f,minecraft:creeper,true,Creeper,[null]
-131.59811190201992,63.0,57.28791268840131,302a704a-98a6-4cd7-91df-de3da5a48baf,minecraft:item,true,Egg,[null]
-111.76336881636426,64.0,-53.82989620396952,1ec2fb90-15a0-46b4-98ed-159a1b948c86,minecraft:creeper,true,Creeper,[null]
-172.5,67.0,-83.5,ebdc618d-f10a-4fb2-b3d8-16b4eaa1c22c,minecraft:creeper,true,Creeper,[null]
-129.5,-12.0,39.5,044f8c99-ece3-4417-9894-50b1f3e5de6a,minecraft:creeper,true,Creeper,[null]
-207.26208318503333,12.0,-53.215990100363044,0073a576-4200-4038-b793-4e34487dc4d1,minecraft:skeleton,true,Skeleton,[null]
-215.19298151052806,13.0,-43.82126515341704,500a7432-f2b4-48df-ab25-34530a62fc99,minecraft:zombie,true,Zombie,[null]
-209.766103683811,10.0,-48.07281340831198,07a184f0-e5bc-4f9d-90da-d5458d6bb192,minecraft:skeleton,true,Skeleton,[null]
-212.54735411788144,12.0,-48.78334881965897,0d489d39-3d51-47c8-9967-6d616f4b71ac,minecraft:skeleton,true,Skeleton,[null]
-239.28417319910636,63.0,-112.875,a4b241e9-8dbb-4e43-b4b2-554b331421c6,minecraft:item,true,Birch Sapling,[null]
-168.14195231189817,63.0,0.21496796690671918,29ecd914-3c09-4477-a2f9-e06d7430b027,minecraft:creeper,true,Creeper,[null]
-26.174353958015978,52.0,-30.860439428300708,38949338-70c8-4fb8-a005-518c7ecdfd2b,minecraft:enderman,true,Enderman,[null]
-25.673791329941462,54.0,-24.776981227503818,985a6e18-11fc-40fc-a211-46b836a8b7b2,minecraft:zombie,true,Zombie,[null]
-163.64149362606565,-25.0,73.49979175905293,87acf216-da44-438f-9a17-11af8c311ada,minecraft:zombie,true,Zombie,[null]
-155.5,-24.0,74.5,7d890126-bd40-4b73-930d-6b0195af3ee2,minecraft:spider,true,Spider,[null]
-154.51860252083412,-23.0,71.80925737591927,9c7ba85a-f105-433c-9e98-9bc51ec36528,minecraft:zombie,true,Zombie,[null]
-154.3469450736987,-23.0,70.80184877742522,a937565a-de05-446f-a9ee-9e4ce9c483a5,minecraft:zombie,true,Zombie,[null]
-269.5,-45.0,-126.5,6277e50f-8151-48a7-b6c4-fa771be1e2da,minecraft:creeper,true,Creeper,[null]
-257.5021804722933,-48.0,-98.15464399593488,5fee2cbc-e102-4b21-a2ed-95ce0904afca,minecraft:creeper,true,Creeper,[null]
-261.82324092578983,69.0,-9.76461223949505,741f5a7d-1096-494a-8638-ace52dce15cf,minecraft:cow,true,Cow,[null]
-233.5,10.0,-51.5,c92d9bba-5c38-4ffb-8328-91d451d9d379,minecraft:skeleton,true,Skeleton,[null]
-42.5,-3.0,-18.5,b3227e9b-c5f1-40a5-a734-17e31dfd7d01,minecraft:skeleton,true,Skeleton,[null]
-41.5,-3.0,-18.5,74827005-de60-4905-b4ec-8ff7cee93a21,minecraft:skeleton,true,Skeleton,[null]
-40.71233713194771,-2.0,-20.390954828770333,b708e57e-4123-4476-ac6d-56c99b739850,minecraft:creeper,true,Creeper,[null]
