x,y,z,visibility,load_status,entity_count
-15,4,3,TICKING,LOADED,2
-13,3,-8,TRACKED,LOADED,4
0,1,8,TRACKED,LOADED,1
7,0,8,TRACKED,LOADED,1
-5,0,-2,TICKING,LOADED,1
-5,4,-2,TICKING,LOADED,1
5,4,1,TICKING,LOADED,1
-9,5,-10,TICKING,LOADED,1
3,1,7,TRACKED,LOADED,1
3,3,7,TRACKED,LOADED,1
-7,4,2,TICKING,LOADED,1
-12,0,4,TICKING,LOADED,1
-9,3,-5,TICKING,LOADED,1
-6,4,3,TICKING,LOADED,1
-14,0,-3,TICKING,LOADED,1
4,1,7,TRACKED,LOADED,1
-9,3,3,TICKING,LOADED,2
0,3,-13,TRACKED,LOADED,1
-12,4,-10,TICKING,LOADED,1
0,3,-11,TICKING,LOADED,1
-10,4,3,TICKING,LOADED,1
-12,4,-12,TICKING,LOADED,1
-14,2,-14,TRACKED,LOADED,1
5,4,4,TICKING,LOADED,1
-5,3,-5,TICKING,LOADED,1
-5,4,-5,TICKING,LOADED,1
-4,4,7,TRACKED,LOADED,2
-17,-3,-8,TRACKED,LOADED,1
-16,-1,-7,TRACKED,LOADED,1
-12,0,7,TRACKED,LOADED,1
-8,2,-7,TICKING,LOADED,1
6,4,5,TICKING,LOADED,2
-13,0,-4,TICKING,LOADED,5
-11,5,-13,TRACKED,LOADED,1
8,4,-8,TRACKED,LOADED,5
7,-1,2,TRACKED,LOADED,1
-9,0,8,TRACKED,LOADED,2
-14,0,-4,TICKING,LOADED,2
-11,-2,4,TICKING,LOADED,1
-12,-1,3,TICKING,LOADED,1
-8,2,7,TRACKED,LOADED,1
-8,4,7,TRACKED,LOADED,1
-7,4,-4,TICKING,LOADED,1
-4,1,-2,TICKING,LOADED,2
-4,4,-2,TICKING,LOADED,2
-14,3,-9,TRACKED,LOADED,7
-8,-3,2,TICKING,LOADED,1
6,4,2,TICKING,LOADED,5
-16,-4,-5,TRACKED,LOADED,1
-13,4,-10,TRACKED,LOADED,1
-11,4,-12,TICKING,LOADED,2
1,4,-13,TRACKED,LOADED,1
2,3,-10,TICKING,LOADED,1
-15,-2,2,TICKING,LOADED,1
-7,-1,-13,TRACKED,LOADED,1
-5,4,-1,TICKING,LOADED,1
-9,0,-7,TICKING,LOADED,1
-13,3,-12,TRACKED,LOADED,1
-6,1,7,TRACKED,LOADED,1
-6,4,7,TRACKED,LOADED,1
-11,-1,7,TRACKED,LOADED,1
-5,4,8,TRACKED,LOADED,2
1,3,-11,TICKING,LOADED,2
8,2,8,TRACKED,LOADED,3
-2,3,-2,TICKING,LOADED,2
5,4,2,TICKING,LOADED,1
-8,4,6,TICKING,LOADED,2
6,4,3,TICKING,LOADED,1
2,4,-13,TRACKED,LOADED,1
-10,4,7,TRACKED,LOADED,1
-10,-3,7,TRACKED,LOADED,1
-9,-1,2,TICKING,LOADED,1
-11,-4,-2,TICKING,LOADED,1
7,4,1,TRACKED,LOADED,2
-14,3,-10,TRACKED,LOADED,3
-2,1,7,TRACKED,LOADED,2
-2,2,7,TRACKED,LOADED,1
-1,4,-14,TRACKED,LOADED,2
8,4,3,TRACKED,LOADED,3
-8,-2,-4,TICKING,LOADED,1
-17,4,-1,TRACKED,LOADED,1
-16,3,1,TRACKED,LOADED,1
-16,-3,1,TRACKED,LOADED,3
2,6,8,TRACKED,LOADED,2
-15,0,-4,TICKING,LOADED,1
-11,4,-6,TICKING,LOADED,1
-13,3,-11,TRACKED,LOADED,4
6,0,8,TRACKED,LOADED,1
6,3,8,TRACKED,LOADED,1
-15,3,-8,TRACKED,LOADED,1
8,-1,2,TRACKED,LOADED,2
-10,-2,4,TICKING,LOADED,3
-14,3,6,TRACKED,LOADED,3
-4,1,3,TICKING,LOADED,1
6,3,-12,TICKING,LOADED,5
-9,4,-1,TICKING,LOADED,1
1,1,7,TRACKED,LOADED,2
1,2,7,TRACKED,LOADED,2
1,-1,7,TRACKED,LOADED,1
7,4,4,TRACKED,LOADED,2
-3,-1,-2,TICKING,LOADED,3
-12,4,2,TICKING,LOADED,1
-11,4,3,TICKING,LOADED,1
-13,4,-6,TICKING,LOADED,2
-16,4,0,TRACKED,LOADED,2
-8,4,5,TICKING,LOADED,2
-4,2,-5,TICKING,LOADED,1
-15,3,-5,TICKING,LOADED,1
-2,-1,-13,TRACKED,LOADED,2
6,4,1,TICKING,LOADED,2
-4,3,0,TICKING,LOADED,4
0,4,-14,TRACKED,LOADED,1
-5,3,-4,TICKING,LOADED,1
-17,-3,-7,TRACKED,LOADED,1
-9,-2,-4,TICKING,LOADED,1
-9,-1,-4,TICKING,LOADED,1
5,3,8,TRACKED,LOADED,1
-12,4,-9,TICKING,LOADED,1
-14,3,-11,TRACKED,LOADED,6
-11,-3,8,TRACKED,LOADED,1
7,0,-9,TRACKED,LOADED,1
-7,4,8,TRACKED,LOADED,1
-5,4,7,TRACKED,LOADED,2
-16,-3,2,TRACKED,LOADED,1
7,3,-13,TRACKED,LOADED,4
-13,4,5,TRACKED,LOADED,1
-11,3,0,TICKING,LOADED,1
5,4,-7,TICKING,LOADED,2
-5,4,-13,TRACKED,LOADED,4
-9,4,5,TICKING,LOADED,2
-11,2,5,TICKING,LOADED,1
7,0,0,TRACKED,LOADED,1
-13,-2,0,TICKING,LOADED,1
-14,3,-12,TRACKED,LOADED,4
4,4,-6,TICKING,LOADED,5
-16,-1,-6,TRACKED,LOADED,2
-11,-2,-3,TICKING,LOADED,1
